2001,2002,2003,2004,2005,2006,2007,2008,2009,2010,2011,2012,2013,2014,2015,2016,2017,2018,2019,2020,Genmodel_ID
0,0,0,0,0,0,0,0,0,0,0,0,0,0,0,0,60,27,19,0,21
0,0,0,0,0,0,0,0,766,915,882,763,545,762,717,66,2,1,0,0,22
0,0,0,0,0,0,0,0,0,0,0,165,491,516,1612,3132,3295,3907,2866,2144,24
0,0,0,0,0,0,0,0,0,0,0,0,0,14,10,29,114,270,65,45,26
0,0,0,0,0,0,0,74,172,97,120,90,75,56,0,0,0,0,0,0,29
0,0,0,0,0,0,0,0,0,0,0,0,0,0,0,176,409,777,223,0,21
0,0,0,0,0,1,1,0,1,0,0,0,1,0,0,0,0,0,0,0,1001
0,4,4,4,5,0,0,0,0,0,0,0,0,0,0,0,0,0,0,0,33
0,0,0,0,13,23,10,13,4,1,0,0,0,0,0,0,0,0,0,0,34
0,0,0,0,0,0,0,0,0,0,0,1,3,6,5,3,0,0,0,0,35
0,0,0,0,0,0,38,39,50,39,69,31,20,10,16,15,6,0,0,0,31
0,0,0,0,0,0,0,0,0,0,0,25,34,48,43,50,51,32,2,0,36
0,0,0,0,0,0,3,2,1,0,0,0,0,0,0,0,0,0,0,0,37
0,0,0,0,0,0,3,1,0,1,1,0,0,0,0,0,0,0,0,0,38
140,339,466,377,473,497,652,744,268,5,0,0,0,0,0,0,0,0,0,0,41
215,286,373,383,312,21,31,6,0,0,0,0,0,0,0,0,0,0,0,0,42
0,0,0,0,1,564,1407,1218,1104,813,517,95,0,1,0,0,0,0,3,0,44
35,29,28,42,53,0,2,3,0,0,0,0,0,0,0,0,0,0,0,0,46
0,0,0,0,0,0,0,0,0,0,0,0,0,84,68,116,106,13,2,0,47
0,0,0,0,0,0,0,4,7,0,0,0,0,0,0,0,0,0,0,0,48
0,0,0,0,0,503,483,548,445,103,25,0,0,0,0,0,0,0,0,0,49
0,2,0,0,0,0,0,0,0,1,0,1,0,0,0,159,1849,1427,1392,676,410
0,0,0,0,0,0,0,0,0,2084,6026,3721,3242,3206,3019,2763,1486,834,564,524,411
0,0,0,206,427,480,800,734,174,116,12,0,0,0,0,0,0,0,0,0,412
143,118,73,50,25,1,0,0,0,0,0,0,0,0,0,0,0,0,0,0,413
0,0,0,0,0,0,0,19,4797,3977,3188,2521,1801,1734,1592,1444,706,378,36,0,414
184,69,62,53,47,9,497,518,114,103,19,0,1,0,0,0,0,0,0,0,415
0,0,0,0,0,0,0,0,0,0,0,0,0,0,0,0,203,1023,1159,679,416
0,0,0,0,0,0,0,0,0,0,0,0,0,0,0,0,0,108,149,102,1011
0,0,0,0,0,0,0,0,0,4,61,45,12,12,0,0,0,0,0,0,61
0,0,0,0,0,0,0,0,0,0,0,0,0,0,0,98,667,404,326,150,62
0,0,0,0,0,0,0,1,0,0,0,0,0,0,0,0,0,0,0,0,612
234,193,163,84,0,0,0,0,0,0,0,0,0,0,0,0,0,0,0,0,63
0,0,0,225,901,510,550,399,215,158,75,64,149,111,24,140,28,0,0,0,64
0,0,0,0,0,0,0,0,0,0,0,0,0,57,159,11,0,0,0,0,64
0,0,0,0,0,0,3,75,151,149,124,100,1,0,0,0,0,52,287,202,65
0,0,0,0,0,0,0,0,0,130,112,63,97,86,94,46,48,35,38,15,66
0,1,1,6,54,24,49,3,0,0,0,0,6,88,173,134,181,140,37,0,68
0,1,0,0,90,967,753,526,417,285,241,278,278,301,310,334,243,421,688,191,69
0,0,0,0,0,0,0,0,0,0,77,94,3,0,0,0,0,0,0,0,610
0,0,0,0,0,0,0,0,0,1451,16721,18743,22405,22709,22789,24047,21212,19038,19976,13292,71
1938,2392,1877,2046,1160,0,0,0,0,0,0,0,0,0,0,0,0,0,1,0,72
1492,2302,3665,8405,15652,19805,21098,24398,26633,27721,23030,26994,28775,38841,39145,34335,27935,22958,17396,15079,73
2298,5688,9607,13587,15501,20218,21935,21339,16367,15510,15958,15506,17454,18080,17375,23312,19667,12026,13013,8903,75
0,0,0,0,0,0,1468,4942,7039,11067,9864,10098,11108,10778,9925,7766,10868,9063,9572,5155,79
611,1165,1576,2537,4082,5845,9253,8408,5368,8049,8334,9551,11637,11514,11745,13552,8973,8392,9843,4069,711
0,0,0,0,0,0,0,0,0,144,1848,1424,1981,1909,1982,2262,1489,1417,1572,729,715
92,100,174,378,552,535,748,878,472,588,913,818,777,879,835,707,572,928,758,404,716
0,2,0,1,0,430,632,561,225,0,1,0,0,0,0,0,0,0,0,0,717
0,0,0,0,0,0,0,0,0,0,0,0,0,0,0,0,0,0,1029,5858,751
0,0,0,0,0,0,0,0,0,0,0,0,0,0,0,648,11645,14253,15487,14817,718
0,0,0,0,0,0,0,0,0,0,481,6833,12025,13855,14277,16640,15598,12550,13987,12674,719
0,0,0,0,0,0,0,210,4111,3913,5819,4881,5796,7582,8950,9620,9167,11504,12148,8364,720
0,0,0,0,0,1693,3952,2717,1354,1607,1883,2423,3382,3319,3282,4827,4309,4092,4606,3927,721
0,0,0,0,0,0,0,0,0,0,0,0,0,0,0,0,0,634,1813,933,749
6,5,2,0,0,1,1,2,0,92,387,32,1,1,0,0,0,1,0,0,722
0,0,0,0,0,0,263,493,261,291,243,132,203,210,192,331,298,254,131,121,723
0,2,0,0,0,0,0,367,602,465,163,84,6,1,2,0,0,1,0,0,735
0,0,0,0,0,0,0,0,0,0,0,0,0,0,692,1107,782,1145,837,312,725
126,3,0,0,0,946,1082,57,1,0,0,53,476,776,429,0,3,550,249,491,726
0,0,0,0,0,0,0,0,0,0,0,69,215,323,228,2,0,37,407,162,730
0,38,290,132,26,0,0,218,200,55,0,0,126,446,622,649,633,200,0,663,731
0,0,0,0,0,0,0,0,0,0,0,0,7,108,109,125,84,9,0,127,733
0,0,0,0,0,0,0,1,0,0,0,0,11,411,310,229,0,0,37,697,724
0,0,0,0,0,0,0,0,0,0,0,0,0,429,908,586,637,307,1,0,734
436,500,310,2,0,89,1157,579,269,700,804,582,459,2808,3787,4144,4917,3017,2705,1404,735
29,0,188,611,429,360,226,57,374,600,486,389,384,398,416,101,2016,1334,227,676,736
0,0,0,0,0,0,408,575,143,601,539,261,318,422,722,764,3350,2283,85,257,739
29,31,19,4,0,100,92,41,17,28,1,61,88,79,96,117,165,151,117,84,741
0,0,0,0,0,0,0,0,0,0,0,34,66,50,117,68,54,7,70,66,742
45,70,5,0,0,75,96,56,18,6,0,37,56,69,175,210,62,0,0,23,743
0,0,0,0,0,0,0,0,0,0,0,0,0,0,0,0,0,0,881,366,750
0,0,1,0,0,0,0,0,0,0,0,0,685,1775,2172,2046,1237,2046,464,1198,744
0,0,0,0,0,0,0,0,0,0,0,0,0,0,0,177,1016,871,170,568,745
3606,5115,5827,5527,4047,3190,8371,7497,6208,6524,6507,5507,5973,3298,1485,1837,2856,1875,331,178,746
0,0,0,0,0,0,0,0,0,0,0,0,0,0,0,151,110,334,216,145,747
0,0,0,0,0,0,0,0,0,1,0,133,368,590,7105,6977,3992,1836,4003,2716,748
193,134,106,90,106,73,61,40,29,5,0,1,0,0,0,0,0,0,0,0,101
12,8,11,0,0,21,28,14,10,5,1,0,0,0,0,0,0,0,0,0,102
0,0,0,0,0,0,0,0,0,0,0,0,0,0,1,342,545,526,387,436,103
0,0,0,0,0,0,0,28,16,3,1,0,0,0,0,0,0,0,0,0,104
10,11,14,1111,1157,1033,1242,821,403,477,517,704,683,713,774,808,619,600,835,699,105
0,0,0,0,1,0,0,0,0,0,0,0,56,187,163,126,85,56,1,26,106
0,0,0,0,0,0,0,0,0,18,81,56,54,81,90,110,72,38,52,29,107
0,0,0,3541,12155,14621,16022,21738,24467,27149,25065,30517,36583,29722,30499,28879,27044,22628,23624,20764,81
0,0,0,0,0,0,0,0,0,0,0,0,1,4376,15197,19046,15426,18884,14842,9408,82
9056,13416,17630,17464,21106,29965,38244,31514,28532,32119,33730,37271,37365,34307,32799,32119,30716,25391,25262,19985,85
0,0,0,0,0,0,0,0,0,0,0,0,1617,13042,18745,18612,17039,15716,10539,4540,87
2583,3628,4039,5534,7985,10233,11657,9940,9401,10856,14663,15918,15512,16880,17442,15781,15263,19961,15789,8801,89
0,0,25,1290,1457,1569,1323,1206,645,569,667,1707,2130,2077,2018,1834,1296,2288,1035,227,811
393,281,486,445,739,1197,766,824,661,814,985,978,795,951,745,1518,1500,1374,1458,888,814
0,0,0,0,0,0,0,0,0,0,0,0,0,0,0,0,0,219,1209,1864,849
0,0,0,0,0,0,0,0,0,0,0,0,119,1205,1879,2131,3056,3491,4596,4204,827
0,0,0,0,0,0,0,0,0,0,0,0,0,201,644,447,232,389,248,80,828
0,0,0,0,0,0,0,0,1,0,1,318,1591,1755,1498,2724,4477,3998,3921,3350,848
0,0,0,0,0,0,0,0,0,0,0,0,0,974,1502,2358,2807,3010,2604,2636,829
309,1188,1866,1305,892,299,444,1111,659,623,721,746,630,238,581,777,952,855,561,1583,830
0,0,0,0,0,0,0,0,0,0,0,0,0,996,1940,1709,1925,2123,1798,1141,831
233,153,37,1,282,265,225,82,19,11,82,374,571,490,381,404,22,140,611,393,832
0,0,0,0,133,100,52,22,14,5,1,47,118,203,203,200,135,57,0,0,833
1,0,0,0,0,0,0,0,464,5212,6291,5601,7261,7873,4568,12247,13353,14626,13529,7396,835
0,0,0,0,0,0,0,0,0,0,0,0,0,0,0,0,0,4880,6918,3420,836
0,0,2,3617,4145,4792,3331,2099,1663,1035,4370,7104,7296,6148,7001,8903,7931,8197,15773,7438,837
0,0,0,0,0,0,0,0,0,0,0,0,0,741,2052,2690,2136,2064,3998,1830,838
1212,2309,3655,4392,7064,4328,4410,3917,4381,4168,4405,4311,3543,5622,7306,6734,6345,7443,9055,5345,839
0,0,0,0,0,0,1,502,1008,816,809,1159,1236,1404,1282,1794,1338,2114,643,1077,841
0,0,0,0,0,0,0,0,0,0,0,0,0,0,0,0,0,0,523,664,850
1459,872,60,1,0,0,1,1,0,0,0,0,0,0,0,0,0,0,0,0,843
0,0,2585,3109,2139,3025,3172,1769,2433,1953,1885,1896,1582,1884,1561,1197,134,0,1928,1428,845
17,9,5,0,0,0,0,0,0,0,0,0,0,0,0,0,0,0,0,0,847
0,0,1,1,1,1,0,0,0,0,0,0,0,0,0,0,0,0,0,0,111
0,0,0,0,0,56,90,44,59,19,0,0,0,0,0,0,0,0,0,0,141
0,0,0,0,21,29,31,9,16,8,0,3,0,0,0,1,0,0,1,0,142
2,8,8,8,2,2,17,3,7,4,1,2,0,0,4,6,3,5,1,0,143
0,0,0,0,0,0,0,8,8,2,1,0,0,0,0,0,0,0,0,0,145
0,0,0,0,0,0,0,1295,4605,1951,1504,1798,1475,132,0,0,0,0,0,0,162
0,0,0,0,0,0,0,0,1,2,0,16,24,10,2,4,28,21,29,0,164
0,0,0,0,0,0,444,1295,1058,2207,1412,1231,1146,195,0,0,0,1,0,0,165
0,0,0,0,0,0,0,0,0,0,0,0,2,16,4,3,18,12,14,0,166
0,0,0,0,0,0,0,0,438,1032,1382,1925,1522,554,1,0,0,0,0,0,167
0,0,0,0,0,0,0,53,126,7,12,0,0,0,0,0,0,0,0,0,168
0,0,0,0,1077,1252,1910,1398,9,0,0,0,0,0,0,0,0,0,0,0,1610
0,0,0,0,465,782,936,1130,1032,349,139,0,0,0,1,0,0,0,0,0,1611
0,0,0,0,1384,2336,3719,3630,5028,1176,1,0,0,0,0,0,0,0,0,0,1612
0,0,0,0,0,0,0,0,0,2,1566,2218,923,210,0,0,0,0,0,0,1613
0,0,0,0,0,0,0,0,1,3871,4300,4202,4208,880,8,0,0,0,0,0,1614
0,0,0,0,208,246,447,285,13,2,1,0,0,0,0,0,0,0,0,0,1616
0,0,0,0,0,0,0,0,0,0,0,0,1069,549,1,0,1,0,0,0,1618
0,0,0,0,0,0,0,0,0,0,0,52,58,2,0,0,0,0,0,0,1619
0,0,0,0,162,1510,1812,1106,592,624,2,0,0,1,2,0,0,0,0,0,171
0,0,0,0,0,0,0,0,0,0,0,163,154,46,1,0,0,0,0,0,171
0,0,172,900,606,553,247,28,2,0,0,0,0,0,0,0,0,0,0,0,172
0,0,0,0,0,0,0,0,0,0,190,533,45,7,0,0,0,0,0,0,173
0,0,0,0,0,0,0,0,0,0,0,0,324,479,3,0,0,0,0,0,174
83,68,74,15,0,2,1,0,0,0,0,0,0,0,0,0,0,0,0,0,175
278,348,613,679,828,998,969,158,2,0,0,0,0,0,0,0,0,0,0,0,177
6,4,1,1,2,0,154,437,495,3,0,0,0,0,0,0,0,0,0,0,178
296,383,804,1058,1968,2545,1806,1457,679,490,515,371,0,1,0,0,0,0,0,1,179
0,0,0,0,0,0,0,0,0,0,280,1810,1744,1322,122,0,0,0,0,0,1710
977,2050,3382,3898,3352,3184,2671,3023,5581,3470,3289,4226,4182,3672,3354,3224,2173,2393,3485,1701,182
0,0,0,0,1067,6788,9916,12482,13160,13849,14241,14000,14089,13565,17960,18096,8700,6950,5272,3734,186
0,0,448,3772,4252,3995,4173,3183,3201,370,2,0,0,0,0,0,0,0,0,0,187
1,2861,7594,8685,9608,9398,9758,7871,12376,21664,17470,16345,14408,14612,12819,11003,19398,24099,22544,12166,188
1,0,0,115,3411,5431,15454,17460,11798,11256,10606,10971,13689,22378,29255,25948,15888,12323,8814,3524,1812
280,772,973,999,844,1080,923,2427,3385,1918,830,472,396,246,210,103,0,22,6499,5086,1815
0,0,0,0,3,76,147,79,81,36,3,5,0,0,0,0,0,0,0,0,1816
0,1,146,287,433,510,528,350,203,47,0,0,0,1,0,0,0,0,0,0,1817
0,0,0,0,0,0,347,901,677,542,38,17,0,0,0,0,0,0,0,0,184
0,0,0,0,0,0,0,0,0,0,36,85,52,3,1,22,6,0,1,0,185
0,9,7,22,67,84,96,169,254,249,151,184,243,342,284,112,86,22,93,1,1818
0,0,0,0,0,0,0,0,2,4662,10242,15543,18843,18543,8557,18,0,0,0,0,211
0,0,0,0,0,0,0,0,0,0,1315,2618,3903,2369,1140,11,0,1,0,0,213
0,0,0,0,0,0,0,0,0,0,2,1233,1892,1093,403,0,0,0,0,0,215
0,0,0,0,0,0,0,0,1241,971,562,345,13,0,0,0,0,0,0,0,1825
2070,2033,1539,116,0,0,0,0,0,0,0,0,0,0,0,0,0,0,0,0,1826
0,0,0,0,0,0,0,0,0,0,0,0,0,0,0,33,419,895,717,229,1827
131,62,0,0,0,0,0,0,0,0,0,0,0,0,0,0,0,0,0,0,1828
46,0,0,0,0,0,0,0,0,0,0,0,0,0,0,0,0,1,0,0,1831
2902,4558,6125,9068,9813,12569,10704,5285,3538,1703,1,0,1,0,1,0,0,0,0,0,1829
0,0,0,0,4,0,10,1,6,0,0,0,0,0,0,0,0,0,0,0,191
0,0,0,0,0,0,0,0,0,0,1,10,6910,5944,5994,7097,6276,8538,14571,8264,221
0,0,0,0,0,0,0,0,0,0,0,0,462,2270,3192,2824,2271,1783,2284,794,222
0,0,0,0,0,0,0,0,0,0,0,18,7906,13608,15371,15091,14937,12542,12748,9344,223
0,2,517,758,122,0,0,0,0,0,0,0,0,0,0,0,0,0,0,0,231
0,0,0,178,145,0,0,0,0,0,0,0,0,0,0,0,0,0,0,0,232
82,87,10,2,0,0,0,0,0,0,0,0,0,0,0,0,0,0,0,0,236
5,11,2,0,0,0,0,0,0,0,0,0,0,0,0,0,0,0,0,0,237
362,395,488,1050,138,0,0,0,0,0,0,0,0,0,0,0,0,0,0,0,233
30,20,3,0,0,3,0,0,1,0,0,0,0,0,0,0,0,0,0,0,238
15,6,23,47,24,0,0,0,0,0,0,0,0,0,0,0,0,0,0,0,234
21,24,60,124,8,0,0,0,0,0,0,0,0,0,0,0,0,0,0,0,235
0,0,441,625,419,343,78,0,0,0,0,0,0,0,0,0,0,0,0,0,242
0,1,84,254,122,139,249,264,171,5,0,0,0,2,1,0,0,0,0,0,243
94,71,20,0,0,0,0,0,1,0,0,0,0,0,0,0,0,0,0,0,244
112,11,0,0,0,0,0,0,0,0,0,0,0,0,0,0,0,0,0,0,245
0,0,0,0,0,0,210,286,184,29,0,0,0,0,0,0,0,0,0,0,246
142,228,216,175,1059,1051,1788,2305,1048,128,1,0,0,0,0,0,0,0,0,0,247
128,203,357,369,639,927,1326,923,641,19,0,1,1,0,0,0,0,0,0,0,248
105,100,85,71,1,0,0,0,0,0,0,0,0,0,0,0,0,0,0,0,249
0,0,0,0,0,0,64,353,133,0,0,0,0,0,0,0,0,0,0,0,261
0,0,0,0,0,748,1015,791,294,0,0,0,0,0,0,0,0,0,0,0,262
0,0,0,0,0,0,0,87,613,584,0,0,1,0,1,0,1,4,4,1,265
0,0,0,0,0,0,285,885,640,0,1,0,0,0,0,0,0,0,0,0,266
0,0,0,0,0,0,0,0,0,0,0,0,0,0,6776,11872,6911,3173,2168,1738,211
0,0,0,0,0,0,0,0,0,0,0,0,0,0,835,2355,990,386,2,0,213
0,0,0,0,0,0,0,0,0,0,0,0,0,0,416,574,272,122,5,0,215
0,0,0,0,0,0,0,0,0,0,0,0,0,0,0,0,5,913,1457,581,216
85,105,103,72,19,0,0,0,0,0,0,0,0,0,0,0,0,0,0,0,272
0,0,0,0,0,0,0,18,21,2,0,0,0,0,0,0,0,0,0,0,273
0,0,0,0,0,0,0,0,0,44,115,224,290,216,180,5,1,1,0,0,276
0,0,0,0,0,0,0,0,0,0,0,0,0,0,8,236,356,387,274,261,277
0,20,40,20,10,0,0,0,0,0,0,0,0,0,0,0,0,0,0,0,279
0,0,0,0,0,13,57,68,29,30,29,6,1,0,0,0,0,0,0,0,2710
0,0,0,25,56,29,19,27,7,3,0,0,0,0,0,0,0,0,0,0,2711
0,0,0,0,0,0,0,0,128,174,131,116,86,108,222,206,123,8,0,0,2713
0,0,0,0,156,174,193,135,47,1,0,0,0,0,0,0,0,0,0,0,2718
0,0,0,0,0,0,0,0,0,0,17,68,27,37,26,18,0,0,0,0,2719
0,0,0,0,0,0,0,0,0,0,0,0,1,10,7,7,5,1,1,0,2721
0,0,0,0,0,0,0,0,0,0,0,0,0,0,0,0,0,91,275,207,2723
0,0,0,0,0,0,0,0,0,0,0,0,0,0,0,625,776,1231,15,0,281
0,0,0,0,0,0,160,12141,21268,22739,21944,29842,41336,49591,48914,47643,28129,24220,20425,13198,282
0,0,0,0,0,0,0,0,0,0,0,0,1,149,55,2,195,674,417,217,284
0,0,0,0,0,0,0,0,0,0,0,0,0,0,0,0,255,1728,3479,2074,285
0,0,0,0,0,0,0,0,1,0,0,0,0,0,0,0,0,0,0,0,286
17,4,11,26,27,0,0,0,0,0,0,0,0,0,0,0,0,0,0,0,288
81,4,0,0,0,0,0,0,0,0,0,0,0,0,0,0,0,0,0,0,289
44,5,0,0,0,0,2926,3300,2218,909,504,302,148,62,4,0,0,0,0,0,2810
0,0,0,0,63,188,33,0,0,0,0,0,0,0,0,0,0,0,0,0,2811
47,235,528,960,1049,1329,1766,1827,1472,946,733,631,564,557,720,739,530,411,236,146,2812
0,0,0,0,0,0,0,15,28,25,58,81,31,7,1,3,6,2,2,25,2813
0,0,0,409,270,274,76,1,0,1,0,0,0,0,0,0,0,0,0,0,2816
22,9,0,0,1,0,1,0,0,0,0,0,0,0,0,0,0,0,0,0,2830
74,94,188,224,251,167,217,195,145,163,77,0,0,0,0,0,0,0,0,0,2817
0,0,127,4408,4836,5951,7012,6174,11531,9712,5707,6575,7580,7963,7930,4779,3445,2623,2537,1723,2818
1132,2452,4420,6977,4459,15739,19615,13231,11595,10441,6942,6643,4662,3722,2489,1711,1212,311,0,0,2819
0,0,0,0,0,0,0,48,566,705,702,926,637,295,182,161,192,114,104,38,2821
2,0,0,2,1,3,167,370,201,88,90,9,184,12,5,10,0,0,0,0,2822
0,0,0,0,0,628,604,455,227,5,4,0,0,0,0,0,0,0,0,0,2823
605,743,869,2,0,0,0,0,0,0,0,0,0,0,0,0,0,0,0,0,2824
0,225,493,799,418,525,159,0,0,0,0,0,0,0,0,0,0,0,0,0,2826
0,0,0,0,0,0,0,0,0,0,0,0,0,0,0,7,130,52,13,89,2827
0,0,0,0,0,0,0,0,0,0,0,0,0,0,0,1134,5949,1935,1601,1005,2828
26,15,64,173,123,1,0,0,0,0,0,0,0,0,0,0,0,0,0,0,2829
0,0,0,0,0,0,0,0,0,0,0,3037,15027,13045,9841,7154,5232,662,0,0,291
0,0,0,9,14,222,8208,16842,7516,7482,17184,15424,17773,16161,12877,10640,7330,4753,2583,0,292
167,5,0,0,0,0,0,0,0,0,0,0,0,0,0,0,0,0,0,0,293
0,0,0,0,0,0,0,0,0,0,0,0,10,2592,10659,14555,13027,21921,24639,8895,294
0,0,0,0,0,0,0,0,0,0,0,0,1,0,0,2305,3856,1589,990,1,295
86,1,0,1,0,1,0,1,0,0,0,0,1,1,0,3,0,2,0,0,297
10,1,1,3,0,1,0,0,0,0,0,0,0,0,0,0,1,0,0,0,299
0,0,1,0,0,0,0,0,0,0,0,1,0,0,1,0,0,0,0,0,2911
6445,17090,32345,39201,43986,66133,73685,73429,100975,91353,87266,100228,113390,122815,125619,113568,87409,89564,74500,46739,2913
14364,24270,29093,43404,58824,68079,77257,70986,72711,64533,71077,73326,77782,77222,76895,64870,63283,47374,53901,37738,2914
0,0,0,0,0,0,0,0,0,0,0,0,0,0,0,325,492,250,85,142,2940
0,1089,7601,7530,7383,9490,9775,9892,9817,6267,2669,831,0,2,1,0,1,1,1,0,2918
875,1345,2679,2763,3875,3668,5776,5540,5521,5453,5636,5774,4788,5039,2900,4480,4274,2901,2245,1589,2919
0,0,0,0,0,0,0,0,0,0,2,158,1297,1040,2557,6592,3631,2738,1058,0,2920
0,0,0,0,15,13,2,1,0,0,0,0,0,0,0,0,0,8,0,0,2922
0,0,0,0,0,0,0,0,0,0,0,0,0,0,0,1,351,738,1089,1041,2941
1478,2943,3360,4503,5197,7394,10499,12296,19457,19267,16383,17120,18602,18490,13122,5499,2,0,0,0,2923
0,0,0,0,0,0,0,0,0,0,0,0,0,0,0,2760,13116,10768,10044,7,2924
0,0,0,0,0,0,0,3278,8915,10475,9585,9815,13018,23040,31140,33839,35323,38265,39672,15403,2925
90,255,213,59,0,0,0,1,0,1,0,0,0,0,0,0,0,0,0,0,2926
3915,4594,6222,9870,14079,15525,23237,25666,23669,22124,16107,18212,14016,12404,17937,16291,11345,7115,3836,1871,2927
0,0,0,0,0,0,0,0,0,0,0,0,0,0,0,0,3,222,636,448,2927
10,8,13,21,181,133,121,106,33,44,20,24,28,33,268,2367,1807,2028,1198,1043,2928
1074,768,1,0,0,0,0,0,0,0,0,0,0,0,0,0,0,0,180,25750,2929
1,1,1,0,0,0,0,0,0,0,0,0,1,0,0,0,1,7,1,0,2930
0,0,0,0,1,3515,8408,7110,7822,10503,7119,7589,6711,6858,3397,6968,5176,2416,2141,1169,2931
0,0,940,1170,1357,529,1,0,0,0,0,0,0,0,0,0,0,0,0,0,2932
0,0,2,1,2,0,5,5,1,7,0,0,1,113,1718,2295,1790,1120,1874,2054,2934
0,0,0,0,0,0,0,0,0,0,0,0,0,0,0,0,0,8,1130,291,2939
0,0,0,0,0,0,0,0,0,0,0,0,307,898,2029,1398,2600,3333,3097,2697,2935
13,21,14,24,9,22,33,36,21,16,18,224,329,124,324,245,174,322,225,39,2936
0,0,0,0,0,0,0,0,0,0,0,0,0,13,1,8,0,24,55,16,2937
0,0,0,0,0,0,1,0,0,0,0,0,122,351,289,96,148,202,500,232,2938
1275,1297,2927,4663,5419,5192,5179,3985,3764,1526,1428,1309,519,446,168,2,6,3,1,3,341
9009,12113,13894,17205,19748,25219,33661,27536,22363,18386,11781,13703,15771,14741,15198,16278,14311,13638,12489,5648,342
2361,5648,7782,8441,12205,12396,17925,12371,10689,10678,10448,12897,14649,15363,14660,14558,11754,8207,44,0,343
0,0,0,0,0,0,0,0,1,0,0,0,1,1,0,1,0,1389,7873,5420,343
0,0,0,0,0,0,0,0,0,1300,1458,629,295,165,23,0,0,0,0,0,344
0,0,0,320,2168,2579,2278,2048,1369,79,0,0,0,0,0,0,0,0,0,0,347
820,795,424,373,289,37,1,0,0,0,0,0,0,0,2754,6839,5726,5946,4663,3586,348
61,33,3,4,7,2,0,2,2139,2882,1768,1289,422,232,3,0,0,0,1,0,349
101,84,48,40,28,9,1,0,0,0,0,0,0,0,0,0,0,0,0,0,3410
2,5099,9728,15897,21078,24300,23782,22718,24844,22439,19715,21027,20605,19598,17661,18273,17322,19585,16262,10537,3411
24,17,4,2,1,95,132,111,70,0,0,0,0,0,0,0,0,0,0,0,3412
2,12,7,3,10,0,0,0,0,0,0,0,0,0,0,7,44,11,9,4,3413
7,2,7,11,10,5,4,10,8,3,3,8,2,7,3,6,1,2,1,0,3414
0,0,1,0,0,0,1,1,0,0,0,0,0,0,0,0,0,0,0,0,3419
207,540,573,555,575,397,345,201,248,4,0,0,0,0,0,0,0,0,0,0,3416
12,6,29,34,51,33,28,27,19,11,3,6,0,3,1,0,0,0,0,0,3417
311,390,166,210,57,4,2,2,4,1,0,0,0,0,0,0,0,0,0,0,3418
0,0,2,4,4,2,1,6,1,1,1,0,0,0,0,0,0,0,0,0,352
0,0,0,0,6,8,30,26,5,0,0,0,0,0,0,0,0,0,0,0,353
339,575,336,424,620,389,361,163,23,0,0,1,1,0,0,0,0,0,0,0,361
761,853,36,0,0,2793,3118,1285,0,0,0,0,0,0,0,0,0,0,0,0,362
219,336,570,931,1438,2011,2269,1462,1436,0,0,0,0,0,0,0,0,0,0,0,363
45,72,69,76,99,53,0,0,0,0,0,0,0,0,0,0,0,0,0,0,364
0,0,0,0,0,0,0,0,0,0,0,0,1,3,17,19,3,0,0,0,365
0,289,2870,5418,5811,6230,6628,5693,523,0,0,0,0,0,0,0,0,0,0,0,366
0,0,0,0,1,1,14,4,2,4,0,0,0,0,0,0,0,0,0,0,367
0,0,0,0,0,0,0,5668,21758,20912,18439,21361,21435,23655,22639,22569,23664,20719,17947,6452,368
0,0,0,0,0,0,0,123,11244,11182,10710,10308,13275,13696,13198,14178,11863,8877,7393,4207,369
0,0,0,0,0,0,1226,3480,11059,12273,10385,9627,11234,10562,14649,10402,7090,7491,4281,1650,3610
0,0,0,0,0,0,0,0,0,0,713,3917,3403,4300,4120,4019,2865,1324,524,6,3612
0,0,0,0,0,0,0,161,199,525,566,965,213,152,154,1014,1327,1124,1734,79,3613
0,0,0,0,0,0,0,0,0,0,0,0,0,0,0,421,4818,7263,8310,7096,3614
0,0,0,0,0,0,0,0,0,371,3857,3725,3509,3619,3413,3779,3876,2241,1564,119,3615
0,0,0,0,0,0,0,0,0,3370,5823,9282,11562,14744,12819,336,2,0,0,0,3616
0,0,0,0,0,0,0,0,0,0,0,0,0,0,0,0,425,6508,8561,12073,3617
7,0,0,0,0,0,0,0,0,0,0,0,1,0,0,0,0,0,0,0,364
28,224,466,880,1318,1338,1133,723,393,214,6,0,0,0,0,0,0,0,0,0,3618
117,419,900,1456,1707,2539,2117,1320,942,3698,3830,3427,1554,2720,3179,4525,2827,2071,1182,544,3620
19,42,72,88,170,196,181,79,69,31,1,0,0,0,0,0,0,0,0,0,3621
0,0,215,598,735,462,370,0,0,0,0,0,0,0,0,0,0,0,0,0,3622
33,73,129,201,356,255,14,0,0,0,0,0,0,0,0,0,0,0,0,0,3623
0,0,1,669,2366,2660,1868,973,820,323,0,1,0,1,5161,21703,24127,25419,25445,12887,3624
0,0,0,0,0,0,0,0,0,0,13,1517,880,143,22,0,0,0,0,0,3625
0,0,0,0,0,0,0,0,0,24,124,175,192,2,0,0,0,0,0,0,372
0,0,0,0,0,0,0,0,0,0,0,1,0,0,10,1764,2505,312,208,0,375
0,0,0,0,0,0,0,0,0,0,0,0,19,428,765,633,400,258,18,0,376
0,0,0,0,0,0,0,0,0,0,0,0,0,8,3,15,89,60,3,0,377
0,0,0,0,0,0,0,0,0,0,0,0,0,12,141,84,132,4,1,0,378
0,0,0,0,0,0,0,0,0,0,0,0,0,0,0,53,131,85,48,0,379
0,0,0,0,0,0,0,0,0,0,0,0,0,8,27,33,0,0,0,0,3710
0,0,0,0,0,0,0,0,0,0,0,0,9,150,109,143,10,0,0,0,3711
0,0,0,0,0,0,0,3,0,0,0,0,0,0,0,1,0,6,1,0,382
263,451,318,246,120,0,0,0,0,0,0,0,0,0,0,0,0,0,0,0,384
0,0,0,1,9,19,23,24,23,24,52,95,85,94,96,81,96,88,78,52,3914
0,0,0,0,0,0,0,0,0,0,0,0,0,0,0,0,211,10141,10661,6130,391
0,0,0,0,0,0,0,0,0,0,0,2,1080,1981,1891,1976,1968,1448,753,643,393
0,0,0,0,0,0,0,0,0,0,0,0,0,0,10,7590,12179,10458,9629,6478,392
0,0,0,0,0,0,0,0,0,0,0,0,1,0,0,0,0,248,705,302,393
0,0,0,0,0,0,0,0,0,0,0,0,0,0,0,0,0,708,3935,8218,3913
1320,1928,2394,2902,2640,2622,2774,12,1,0,0,0,0,0,0,0,0,0,0,0,394
1203,2979,4397,6111,6310,6757,6159,6519,5040,195,1,0,0,0,0,0,0,0,0,0,395
0,0,0,0,0,0,0,0,0,0,0,0,0,1,8855,12422,10692,5585,4478,1619,396
0,0,0,0,1,0,61,6529,8134,10615,8967,10449,11370,12452,10025,8709,7023,5549,3235,1292,397
731,679,2080,1903,1257,1477,1309,942,559,1397,1557,1027,1148,1038,972,1086,884,710,400,166,398
1085,916,902,832,878,1930,2135,1276,1121,1302,1102,809,783,1060,107,0,0,0,0,0,399
1057,1826,2377,2668,2694,3348,2422,970,841,750,304,592,137,1218,2122,1487,558,321,25,4,401
0,0,0,0,0,346,482,18,84,0,0,0,0,0,0,0,0,0,0,0,402
0,0,0,0,0,1,105,136,81,5,887,892,574,434,4,0,18,2319,2969,1652,403
0,0,0,0,1,0,1,0,0,0,0,57,922,1522,1352,986,861,412,249,64,404
0,0,0,0,0,0,460,1312,557,759,397,0,1,1,0,0,0,0,0,0,405
0,0,0,0,0,0,0,0,0,0,0,0,0,0,5874,10422,3953,2314,1798,1898,406
176,126,136,131,79,90,222,178,310,153,120,154,209,330,484,257,248,365,621,755,407
36,24,199,336,481,838,1187,1956,1799,479,459,127,1506,2305,2211,1811,1764,1535,87,0,431
0,0,0,0,0,0,4052,7187,9787,10526,8692,12737,10630,10192,10038,8583,7692,8519,9763,4053,432
0,0,0,220,833,776,125,0,0,0,0,0,0,0,0,0,0,0,0,0,433
2,0,0,0,0,0,0,0,0,0,0,0,0,0,0,0,0,0,0,1,433
7,26,62,108,157,251,208,117,196,158,1,0,0,0,0,0,0,0,0,0,434
10,16,0,2,0,0,0,0,0,0,0,0,0,0,0,0,0,0,0,0,4317
0,0,0,0,0,0,0,0,0,0,0,0,0,0,0,1197,4047,6089,8932,18234,435
0,0,0,0,0,0,0,0,0,0,34,799,381,672,646,1272,3267,2731,1723,131,436
0,0,0,3556,6392,6687,4010,3860,14514,14469,11119,13392,12910,14575,13631,12588,12866,15738,17372,8935,437
0,0,0,0,0,0,0,0,0,0,0,0,1054,1588,1327,1214,906,519,1814,936,438
73,247,504,851,1214,1845,2018,3108,6429,7450,7734,9588,10386,11445,11499,8936,7998,5621,4854,3395,439
32,88,335,800,1110,1405,1727,1614,703,928,787,137,0,1,0,1,0,0,0,3,4310
27,32,37,7,0,0,0,0,0,0,0,0,0,0,0,0,0,0,0,0,4317
0,0,561,1726,2507,3725,2137,1450,1723,2128,1835,2046,2205,2958,4082,3182,3126,2752,2724,1161,4311
1,0,0,0,0,0,0,0,2462,3128,3531,1660,1294,2689,2589,2129,1645,1920,339,871,4312
36,30,95,14,2537,2430,2476,2402,3225,4919,8320,13582,18981,19877,21628,37482,35672,34280,32594,17323,4313
0,0,0,0,0,0,0,0,0,0,0,0,0,0,0,0,0,0,42,4,4314
0,0,0,0,0,0,0,0,0,0,0,0,0,0,0,0,699,6753,8099,4502,4315
0,0,0,0,0,0,0,0,0,0,0,0,0,0,0,0,124,623,852,198,4314
0,0,0,0,0,0,0,0,26,3295,4577,5155,5768,5526,6239,5686,5478,3641,2608,0,4316
0,0,0,0,0,0,0,0,0,0,0,0,0,0,0,0,0,0,813,6370,4319
0,0,0,0,0,0,0,0,0,0,5,19,29,31,39,61,65,97,89,63,451
5,1,0,0,0,0,0,0,0,0,0,0,0,0,0,0,0,0,0,0,452
0,0,2,39,25,43,72,48,30,26,28,39,24,7,0,0,0,0,0,0,453
0,0,0,0,0,0,0,0,0,0,0,0,0,19,87,62,87,172,160,96,454
0,9,7,7,5,2,7,12,5,3,0,0,0,0,0,0,0,0,0,0,455
1,0,2,2,2,0,0,0,0,0,1,1,0,0,0,0,0,2,1,0,471
127,813,1350,1359,1494,1386,1540,1451,1061,690,7,8,13,27,16,2,0,0,1,4296,475
5174,5881,7043,7746,9904,9712,8251,5598,5622,6809,6017,6664,5869,7066,23571,31681,33138,26722,22509,15762,476
2734,5114,6830,9459,9834,9213,16295,11822,10409,14631,12448,10553,13265,11647,42,26,0,0,0,0,4711
1525,2499,3751,4092,7613,10701,10975,8007,7992,9955,13994,24856,29258,31705,37174,41679,42860,45902,48419,36052,4713
0,0,0,0,0,0,0,0,0,0,3779,4184,3647,3687,3361,2827,2788,2606,1815,1245,481
0,0,0,0,0,0,0,0,0,0,0,0,0,0,0,0,0,0,931,1058,4832
0,0,0,0,0,0,0,0,0,0,0,240,362,5,0,0,0,0,0,0,482
0,0,0,0,0,0,0,0,0,0,0,0,0,0,0,491,309,205,3,0,482
0,0,0,0,0,386,520,391,233,179,67,335,170,75,42,46,29,21,0,0,482
204,227,184,108,895,534,364,190,106,1,0,0,63,433,340,4,0,0,0,0,482
0,0,0,0,0,0,0,67,32,31,28,8,10,0,0,0,0,0,0,0,488
1291,1522,1849,2045,1072,0,0,0,0,89,549,128,0,0,43,69,17,0,0,0,488
0,0,0,0,37,2174,2998,1934,1494,937,21,1,0,0,0,0,0,0,0,0,488
0,0,0,0,954,2387,2395,1810,1427,1443,964,765,199,205,68,0,0,0,0,0,488
110,263,215,199,74,0,0,0,0,0,0,0,1477,2869,2613,1852,1427,1411,1134,555,488
0,0,0,0,0,0,0,0,0,0,0,0,0,0,0,0,145,136,70,45,4814
255,219,211,271,279,82,1,0,0,0,0,0,0,0,0,0,0,0,0,0,4815
0,0,0,0,0,0,0,0,0,0,0,0,0,792,2972,3607,3656,4486,4443,4142,4818
0,0,0,0,0,0,0,0,0,0,0,0,0,0,45,532,394,380,385,247,4821
0,0,0,0,0,0,0,0,0,0,0,0,0,5,130,28,13,17,10,6,4821
333,433,1036,2137,1668,411,2,0,0,0,0,0,0,0,0,0,0,0,0,0,4824
0,0,0,0,0,416,423,104,60,0,0,0,0,0,1,0,0,0,0,0,4824
0,0,0,0,1127,2092,2885,2552,1213,5,0,0,0,0,0,0,0,0,0,0,4824
0,0,0,0,0,0,0,0,1169,2521,1786,1736,1808,1619,1287,2319,2000,1554,1880,1621,4824
0,0,0,0,0,0,0,0,0,0,0,0,0,0,0,0,0,386,472,341,4824
196,318,270,212,219,172,148,51,51,0,0,0,0,0,0,0,0,0,0,0,4830
0,0,0,0,0,0,0,0,0,0,0,0,0,0,0,0,0,0,3336,3899,4831
8,2,3,4,7,3,3,1,0,1,0,0,0,0,0,0,0,0,0,0,492
220,339,227,195,214,185,170,159,85,101,59,37,44,74,95,81,75,60,78,70,513
3,6,5,0,0,0,0,0,0,0,0,0,0,0,0,0,0,0,0,0,515
0,0,0,0,0,0,0,0,59,130,89,36,41,44,56,71,32,53,44,23,516
21,0,0,29,60,79,74,68,28,51,8,1,51,71,69,75,74,75,72,73,517
105,22,1,0,0,0,0,0,0,0,0,0,0,0,0,0,0,0,0,0,551
0,50,106,141,111,43,8,2,0,0,0,0,0,0,0,0,0,0,0,0,554
0,0,0,0,0,0,0,0,0,0,0,0,2,650,777,792,466,346,222,101,555
0,0,0,0,0,0,137,318,186,157,149,113,34,1,1,2,0,0,12,2,558
0,0,0,0,0,0,0,0,0,107,88,70,72,39,52,52,31,39,23,14,556
0,0,0,0,0,26,55,3,1,0,0,0,0,0,0,0,0,0,0,0,557
0,0,0,0,0,0,0,0,1,0,0,29,110,107,103,88,57,92,58,18,558
0,0,0,0,0,0,0,0,0,0,0,0,0,0,0,95,629,599,512,408,559
1,0,0,47,85,97,159,117,95,47,33,8,23,127,158,121,70,66,39,9,5510
4,61,35,22,17,3,1,0,0,0,0,0,0,0,0,0,0,0,0,0,5511
0,0,4,1,4,1,5,0,1,0,1,0,0,0,0,0,0,0,0,0,561
0,0,2,7,5,4,2,0,0,2,1,1,0,0,0,0,0,0,0,0,562
0,0,802,1761,2032,2203,3795,9958,14206,13546,11110,9205,8764,8556,10018,10122,7537,7936,8360,4091,5710
0,0,29,2112,5927,7285,8119,8545,9399,9590,6010,5337,5315,8663,11950,10650,8013,6899,4276,4232,5711
357,515,574,7,0,0,0,0,0,0,1,0,0,0,0,0,0,2,0,0,571
0,0,0,0,521,1864,3465,3502,2022,1791,932,811,786,628,721,14,0,0,0,0,5712
0,246,657,1211,2336,3344,5393,6599,6727,7544,5439,3563,4891,6919,7152,7113,4645,3234,4376,1025,5713
150,119,1,0,0,0,0,0,0,0,0,0,0,0,0,0,0,0,0,0,572
0,2,0,0,0,0,0,0,0,0,0,0,0,0,0,0,0,0,0,0,573
0,0,0,0,0,0,0,0,0,0,0,0,0,0,2365,4854,4732,9522,16161,2721,576
0,0,0,0,0,0,0,0,0,0,0,1651,5514,7121,7249,7169,6961,5924,1411,2938,577
0,0,0,0,0,0,211,306,317,674,538,178,3,0,0,0,0,0,0,0,578
250,312,137,1,1,0,3,16,12,11,2,2,1,1,0,0,0,0,0,0,579
5,15,24,24,7,3,5,3,1,0,0,0,0,0,0,0,0,0,0,0,5714
0,0,0,0,0,0,0,0,0,0,0,0,0,0,0,0,0,0,0,882,5715
1812,3173,4260,3329,3306,6251,7313,5179,4059,4548,3299,3034,3011,2752,2864,3972,4408,4060,3988,175,5715
144,84,100,151,2,1,0,0,0,0,0,1,0,1,0,0,0,0,0,0,5717
0,0,139,775,632,847,779,473,313,100,25,0,0,0,0,0,0,0,0,0,5718
31,82,110,97,2,1,0,0,0,0,0,0,0,0,0,0,0,0,0,0,5719
0,0,0,0,0,0,0,0,0,0,0,0,0,0,2,17,43,9,7,1,582
0,0,0,0,0,0,0,0,0,0,0,0,0,0,0,7,84,51,52,6,583
0,0,0,0,0,0,0,0,0,0,0,0,0,0,5,85,149,195,120,21,584
0,0,0,0,0,0,0,0,0,0,0,0,0,0,0,0,0,15,153,116,589
0,0,0,0,0,0,0,0,0,0,0,0,0,2,10,28,0,0,1,0,585
0,0,0,0,0,0,0,0,0,0,0,0,0,0,13,40,12,0,0,0,586
0,0,0,0,0,0,0,0,0,0,0,0,0,0,0,0,92,194,145,80,587
0,0,0,0,0,0,0,0,0,0,0,0,1,0,1,0,0,0,0,0,588
9,37,11,65,24,10,6,8,5,5,0,6,0,2,2,0,0,1,0,0,591
0,9,17,3,1,1,0,0,0,1,0,0,0,0,0,0,0,0,1,0,597
1719,2535,3482,3008,5597,7638,8348,8325,7892,6895,5864,5591,16288,24248,27082,37366,39355,40848,47026,34775,598
0,0,0,0,0,0,0,0,0,0,0,0,0,0,634,1605,3138,4122,9067,5205,599
0,0,0,0,804,3472,3854,4474,5094,5035,3864,5929,7238,8342,5664,5293,5540,3821,3975,2720,5911
3443,6250,10175,12784,15552,15638,17238,17711,16194,17034,23539,30455,31068,33031,40124,37729,39648,28412,21683,9676,5912
0,0,0,0,0,0,0,0,0,0,0,0,0,0,5,1,4,3,6,37,5913
208,364,304,228,172,51,478,241,223,166,110,99,109,90,0,0,0,0,0,0,5915
0,0,0,0,0,0,0,0,0,0,0,0,1,109,3182,7755,8032,8408,8497,7782,5916
0,0,0,0,0,1,0,3242,4625,3341,839,1,0,1,0,0,0,0,0,0,5917
1936,2371,4088,5118,5294,4044,4300,2868,3050,24,1,0,0,0,0,0,0,0,0,0,5918
1,0,0,2,1312,2176,2482,1824,1413,1245,1367,1056,862,608,2945,2112,1437,988,1021,349,5919
1507,1996,5595,7162,6916,5649,7593,5754,8591,13652,15448,16076,20415,21475,21722,20580,20884,20137,18372,9725,5920
9,4,3,3,3,3,4,5,5,13,64,74,610,655,172,80,96,62,139,167,5921
0,0,0,0,0,168,649,344,211,215,305,116,0,2,560,214,3,0,1,1,5922
0,0,0,0,0,0,0,0,0,0,0,0,0,3401,8715,10312,12308,16435,17092,9386,5923
0,0,0,0,0,0,0,0,0,0,0,0,0,0,1390,9509,12766,19632,17627,11711,5924
0,0,0,0,0,0,0,0,0,0,0,0,0,0,1222,5366,4168,5810,3527,5327,5925
0,0,0,0,0,0,0,0,0,0,0,0,0,0,0,426,679,624,395,433,5926
1145,1952,2074,2662,1786,3027,3319,3146,2542,3184,2996,2721,4407,3980,3173,7,0,0,0,0,5927
0,0,0,0,0,506,559,364,244,260,413,309,157,0,0,0,0,0,0,0,5928
579,646,1042,964,781,1374,1698,1193,1034,1015,1034,1348,1055,1706,2128,1988,2114,1951,1807,563,5929
234,888,1908,1706,1052,714,697,706,441,313,225,396,1071,1036,766,662,537,352,328,212,5930
0,0,0,0,0,0,0,0,0,0,0,0,0,0,0,2054,3077,1356,898,544,5931
2454,2188,1943,3118,4753,3579,3387,3129,2406,2014,2492,5479,4558,4773,4737,1193,1,0,0,0,5932
10,7,10,8,3,9,6,9,4,9,9,18,36,41,165,168,176,158,186,219,5935
97,144,104,0,0,1,0,0,0,0,0,0,0,3,929,1346,1849,1859,1980,810,5936
0,74,229,176,162,52,10,1,0,0,0,0,0,0,0,0,0,0,0,0,5937
0,0,0,226,364,385,457,502,454,446,486,567,662,645,125,1,0,0,0,0,5938
8,11,17,23,40,66,71,113,414,426,318,506,485,572,525,990,1238,1432,2114,729,5939
0,0,0,0,0,0,0,0,0,0,0,0,0,0,0,0,0,0,4,2,5940
0,0,0,0,0,0,0,0,0,0,0,0,192,1628,2400,3059,2853,2566,3260,2236,532
0,0,0,0,0,0,0,0,0,0,0,21,58,261,473,348,0,0,0,0,533
0,0,0,0,0,0,0,0,0,0,0,0,0,0,0,561,923,932,351,0,531
0,0,1,0,0,0,0,0,0,0,240,603,189,215,2,0,0,0,0,0,533
1567,112,3,2,2,0,0,0,0,0,0,0,0,0,0,0,0,0,0,0,534
1,1744,2675,2552,1190,272,41,88,256,178,68,9,2,1,0,0,0,0,0,0,535
0,0,0,0,0,0,0,0,0,0,0,0,0,0,0,0,353,5149,7252,3923,5310
106,449,858,1191,761,105,4,2,0,0,0,0,0,0,0,0,0,0,0,0,536
118,366,455,623,388,78,0,1,0,0,0,0,0,0,0,0,0,0,1075,8158,537
129,424,904,1211,715,190,26,5,0,0,0,0,0,0,0,0,0,0,0,0,538
0,0,0,0,0,0,0,0,29,102,63,61,54,64,62,91,49,35,0,0,611
0,0,0,0,0,0,1475,4993,2891,2720,2103,1696,1415,742,1240,8451,7302,6930,5746,3432,541
2859,10833,15697,19128,19879,19133,25790,18921,21460,20724,17225,17780,15965,23176,33563,35204,35837,38958,36432,26817,546
0,0,0,0,0,0,0,0,0,1393,8760,10168,10867,10813,8206,7969,10329,13653,16288,9758,544
0,0,0,0,0,0,0,0,1835,2091,1230,838,857,12,0,0,0,0,0,0,546
0,0,0,0,54,340,33,426,472,574,674,880,1430,844,2007,2192,2535,2622,2595,3083,549
1483,5074,6308,8475,11168,8843,7845,8311,7208,10673,14263,14337,12825,8517,11368,9514,5801,1627,1598,1155,546
0,0,0,0,0,0,0,0,0,0,0,0,2608,3663,1981,1279,118,0,0,0,547
0,0,0,0,0,0,0,0,0,0,0,1252,2118,1103,945,1,0,0,0,0,548
0,0,0,0,0,0,0,0,0,1952,2377,2278,2488,3869,4702,3263,3860,2251,1477,1425,621
109,223,691,526,21,0,0,0,0,0,0,0,0,0,0,0,0,0,0,0,622
91,113,78,794,3505,4641,5715,5896,4604,2881,1833,1572,528,0,0,0,0,0,0,0,623
0,9,4,5,9,2,0,2,0,0,0,0,0,0,0,0,0,0,0,0,626
3,1,0,1,1,3,1,1,0,0,0,0,0,0,0,0,101,5496,3929,1195,627
1,1,0,0,0,0,0,0,0,0,0,0,0,0,0,0,0,0,0,0,628
78,77,33,0,0,0,0,0,0,0,0,0,0,0,0,0,0,0,0,0,629
0,0,5,287,531,554,384,143,264,3,0,0,0,0,0,0,0,0,0,0,6210
12,11,7,4,3,4,1,1,0,2,0,0,0,0,0,0,0,0,0,1,6213
91,26,55,277,1376,1366,1161,1818,1462,2212,1534,28,0,15,4,0,0,0,0,0,6214
0,0,0,0,0,0,0,0,0,0,0,0,2245,1784,1542,1381,1250,1069,1114,701,6215
0,0,43,381,272,136,1905,2263,1592,1791,1476,1200,2046,7149,12296,10295,8198,10457,8195,4407,6216
4,8,4,8,2,1,1,0,0,0,0,0,0,2,1,0,0,0,0,0,6217
1211,1847,2869,5516,5713,4078,2954,1169,643,975,1025,619,841,1401,1743,1392,955,969,651,566,6218
229,547,860,1163,637,5,0,0,0,0,0,0,0,0,1,1,0,0,0,0,6221
45,91,99,8,0,0,0,0,0,0,0,0,0,0,0,0,0,0,0,0,6222
0,0,0,0,0,0,0,1,7,1,5,5,4,4,12,2,0,0,0,0,632
0,0,0,0,29,22,47,40,71,76,86,50,60,62,97,102,54,60,84,101,633
35,23,11,15,1,0,0,0,0,0,0,3,6,1,6,7,5,9,1,0,634
0,0,0,25,23,14,22,32,34,35,29,19,21,28,28,31,29,28,25,10,635
0,86,449,1327,1202,769,574,347,128,0,0,0,0,0,0,0,0,0,0,0,641
0,0,0,0,0,0,0,0,222,612,331,133,132,133,172,185,155,139,104,87,642
1928,4198,4787,7738,9077,2334,31,0,0,1,0,0,0,0,0,0,0,0,0,0,643
1,2,16,35,7,6,11,11,26,854,73,0,0,0,0,1,0,0,0,0,645
0,0,0,0,0,0,0,0,0,0,0,0,0,19,74,98,111,58,213,265,647
0,3,14,9,6,1,0,0,0,0,0,0,0,0,0,0,0,0,0,0,6410
0,0,0,0,0,0,0,0,551,253,20,0,0,0,0,0,0,1,0,0,6413
0,0,0,0,0,0,0,0,0,0,154,137,125,144,138,145,234,148,130,94,6413
0,0,0,0,0,0,0,0,0,4898,19905,26803,35049,36929,38016,36790,35455,23275,18506,17697,6414
0,0,0,0,0,0,0,0,0,0,450,479,1298,3081,4040,3966,4613,4885,5040,8098,6416
8139,12880,17717,17910,22432,22424,15554,15998,17162,16759,12910,11629,11531,14232,13116,10781,12179,9599,8433,6266,6417
0,0,0,2,380,360,198,184,204,108,14,2,0,1,0,1,0,1,0,0,6419
0,0,1,1,1,0,2,0,0,0,0,0,1,0,0,0,0,0,1,0,6420
0,0,0,0,5,11636,14887,17709,16285,15125,12564,11810,11838,22024,15077,10861,5109,0,0,0,6421
0,0,0,0,0,0,0,0,1,214,308,294,511,225,220,258,100,37,0,0,6422
0,0,0,0,0,0,0,0,0,0,0,0,0,0,0,0,102,7,8,8,6423
0,0,0,0,956,1643,1616,723,688,507,662,412,396,330,0,0,0,0,0,0,6424
46,84,90,209,162,62,47,24,11,0,0,0,0,0,0,0,0,0,0,0,6425
0,0,0,0,0,0,0,0,3968,4399,2206,1879,505,0,0,0,0,0,0,0,6428
0,0,1,0,4,21,45,39,11,5,40,12,11,18,0,0,0,0,0,0,6430
421,888,1146,1373,1830,1249,16,1,0,0,0,0,0,0,0,0,0,0,0,0,6431
0,0,0,0,0,0,0,0,0,0,0,0,0,1369,7823,6287,4080,1971,0,0,6432
3,0,1,0,0,3,13323,16116,25705,33155,34500,41187,45787,44914,56147,58132,57548,47376,49307,32264,6433
16,4,4,7,8,11,12,11,13,2,1,2,4,3,1,0,0,0,1,0,6435
21,6,21,11,7,1,3,10,1,0,0,0,0,0,0,0,0,0,0,0,6436
0,1,2,0,0,0,0,0,0,0,0,0,0,0,0,0,0,0,0,0,6437
310,451,560,677,337,60,5,0,0,0,0,0,0,0,0,0,0,0,0,0,6438
143,1000,2919,4958,6932,7122,5430,3763,2151,1468,2131,1696,1595,3851,8218,14851,16721,8884,5587,4508,6441
0,0,0,0,0,0,0,0,0,0,0,0,0,1,0,1,0,1,0,0,652
3,30,17,5,18,9,11,16,4,4,2,0,0,0,0,0,1,0,0,0,661
0,0,0,0,0,0,0,0,105,1,1,1,1,1,0,0,0,0,0,0,662
17,78,52,18,9,7,2,1,1,1,0,0,0,0,0,0,0,0,0,0,663
0,70,87,90,99,102,83,75,27,10,1,0,0,0,0,0,0,0,0,0,681
43,41,36,54,54,53,39,37,28,30,2,0,0,0,0,0,0,0,0,0,683
0,0,0,0,0,101,310,224,383,459,403,335,168,10,0,0,1,0,0,0,682
0,0,0,0,1081,1607,883,156,4,0,0,0,0,0,0,0,0,0,0,0,691
2028,2120,1176,0,1,0,0,0,0,0,0,0,1,4,1,0,0,0,0,0,692
0,0,1,0,2813,10998,12438,14322,14296,15221,14985,16162,16321,8702,0,0,0,0,0,0,693
0,0,0,0,0,0,0,0,0,0,0,0,0,7108,18261,17127,11504,8072,5106,4663,694
0,0,0,1,0,0,0,0,0,0,0,0,3496,16087,17536,18517,16154,12383,11904,11694,695
7603,12835,17178,22662,22062,14419,5170,2103,916,1,12,0,0,2,0,0,0,0,2,3,696
0,0,1,0,1,13494,39319,35981,37620,35060,27400,16653,2983,1000,0,0,0,0,0,0,699
0,0,0,0,0,0,0,0,0,0,0,15442,34913,30165,28485,26342,16970,18310,19851,13103,6912
0,0,0,0,0,0,0,0,997,10745,12079,11817,11705,8624,8338,6715,15897,18881,19082,11837,6913
1849,329,1,1,1,2,1,0,0,0,0,1,2,1,1,0,0,0,0,1,6914
1172,4893,8010,11208,13130,17340,17015,3374,476,0,7,0,0,0,0,0,0,0,0,0,6915
1,0,0,0,0,1,2198,17472,19317,17617,12202,12367,12174,13326,14992,15339,9543,8857,6772,4090,6918
0,0,0,0,0,0,335,560,671,288,162,31,0,0,0,0,0,0,0,0,6921
1490,1616,1627,431,0,0,0,0,0,8,1,0,0,0,0,0,0,0,2,0,6922
0,0,1,1088,3697,5151,4557,2318,2076,1714,267,1,1,0,0,0,0,0,0,0,6923
0,0,0,0,0,0,0,0,22,2835,2374,2393,2611,1841,1813,1729,734,5264,5619,4864,6925
0,0,0,0,0,0,0,0,0,0,3673,4778,3434,1623,1164,977,487,401,1952,1635,6926
35,73,108,99,82,74,55,58,3,0,1,0,0,0,0,0,0,2,0,0,6928
82,54,1,0,0,0,0,0,0,0,0,0,0,0,0,0,0,0,0,0,6938
0,3,231,290,272,513,667,276,190,57,2,4,0,0,0,0,0,0,0,0,6929
0,0,0,0,0,0,0,0,233,713,571,398,290,188,6,0,0,0,0,0,6930
2,1,1,1,0,1,0,2,6,4,27,17,114,114,191,197,224,106,220,191,6941
3,2,12,15,6,2,135,766,831,818,612,457,263,267,264,104,49,34,54,8,6931
0,0,0,0,0,0,0,0,0,0,2,314,1012,1140,1088,1305,1347,1420,450,171,6934
0,0,0,0,0,0,0,0,0,0,0,68,317,401,517,441,9,0,0,0,6943
0,0,0,0,0,0,0,0,0,0,90,172,21,15,20,35,11,3,0,0,6933
77,770,1364,1376,1104,1212,1270,1437,1711,2091,2249,2262,1779,1713,1705,1777,1144,1123,35,0,6934
1,0,0,0,0,0,0,0,4,1689,2674,2136,2197,1627,1127,258,0,0,0,0,6936
0,0,0,0,0,0,0,0,0,1,0,0,0,0,1,0,0,469,3049,2497,6942
0,0,0,0,0,0,0,0,0,0,0,0,0,0,0,40,497,592,695,387,6937
0,0,0,1,0,0,0,0,0,0,0,0,0,0,0,722,958,762,696,297,712
0,0,0,0,0,0,0,0,0,0,0,0,0,0,0,262,924,883,910,651,713
1218,1939,2087,2047,2464,2418,1963,1591,1304,1534,1143,1444,1206,1454,1628,1587,1775,1982,2459,1915,714
0,0,0,0,0,0,0,0,0,0,0,0,0,7,28,0,0,0,0,0,715
1852,1979,2241,1837,2987,1625,1447,965,766,737,678,1038,1210,1129,980,445,0,229,189,157,716
0,0,708,1377,1530,988,771,594,881,936,1282,2003,2193,1922,2407,2843,1782,1869,3409,2868,718
0,0,0,1,150,1364,1361,849,627,518,520,306,1012,1156,997,641,0,405,257,201,719
0,0,0,0,0,0,0,0,0,0,0,0,0,1153,3508,4143,5341,3880,4764,3780,7110
0,0,0,0,0,0,0,0,99,311,355,641,723,744,659,339,953,779,822,495,7111
0,0,0,29,144,201,260,204,135,139,103,49,6,0,0,0,0,0,0,0,721
9,14,23,40,63,51,30,14,7,4,0,0,0,0,0,0,0,0,0,0,722
8,0,0,0,0,0,0,60,67,48,39,12,0,0,0,0,0,0,0,0,724
27,23,35,33,0,0,65,50,35,19,27,23,4,0,0,0,0,0,0,0,725
0,0,0,0,0,330,310,176,186,208,119,49,4,0,0,0,0,0,0,0,726
24,27,33,34,0,0,0,0,0,0,0,0,0,0,0,0,0,0,0,0,727
0,0,0,0,0,0,0,0,0,0,0,0,5989,18625,23047,24286,18742,20864,19247,12853,751
5263,8775,13120,17566,19828,29989,34267,24519,21758,28942,20268,16399,21319,27004,25051,22571,18500,19682,16083,10568,752
109,220,199,421,584,649,1230,766,413,408,356,104,0,0,0,1,0,0,0,0,753
0,0,0,0,0,0,0,0,0,0,0,40,8,3,0,0,0,0,0,0,754
0,0,0,0,0,0,0,0,0,1,0,0,0,95,1014,1262,1072,657,851,262,757
0,0,0,0,0,0,0,0,0,0,0,0,0,0,3033,19252,13903,10995,10811,8029,758
534,796,1083,1568,1706,1612,2150,2047,1207,1470,1380,632,0,0,0,0,0,0,0,1,759
0,0,0,0,0,0,0,428,1419,98,1,0,0,0,0,0,672,928,946,488,7510
184,510,883,1231,1341,1381,2359,3568,1835,2377,1940,335,0,0,0,0,0,0,0,0,7511
1,3,5,1,8,20,28,43,16,16,40,133,177,170,309,282,304,258,218,208,7523
4806,6780,5699,4327,7722,10780,14360,11245,13051,21008,16435,10518,8081,7605,6821,5287,5225,2111,2525,1100,7512
0,0,0,1399,4938,3613,2732,3753,1794,3008,2377,252,1,0,0,0,0,0,0,0,7513
0,2,317,3042,5726,8687,11015,8325,4985,14864,10469,5277,4585,5055,3745,1105,1061,569,287,8,7514
0,3,4,2,26,149,328,410,390,476,550,484,436,413,495,1034,975,708,626,794,7517
0,0,0,1,0,0,612,3595,1859,4607,2716,1364,1003,937,5165,3005,1413,807,226,0,7518
0,0,0,0,0,0,0,0,0,0,0,167,70,33,75,38,13,20,0,1,7519
0,54,44,31,12,2,0,0,0,0,0,0,0,0,0,0,0,0,0,0,7520
0,0,0,0,0,0,0,0,0,708,1356,37,0,0,0,0,0,0,0,0,7521
0,0,0,0,0,0,0,0,0,0,0,1,321,845,1723,1527,963,1737,2231,6279,7522
0,0,0,0,0,53,106,22,18,19,5,0,0,0,0,0,0,0,0,0,761
7,4,1,0,0,0,0,0,0,0,0,0,0,0,0,0,0,0,0,0,771
0,0,0,0,0,0,0,0,0,0,0,0,0,0,1,108,109,98,63,50,772
0,0,0,0,0,0,0,0,4,113,98,92,71,66,90,60,64,51,39,64,773
0,1,12,31,49,55,60,70,27,33,37,28,33,41,30,37,7,62,45,29,774
23,9,0,0,0,0,0,0,0,0,0,0,0,0,0,0,0,0,0,0,775
0,0,0,0,0,0,0,0,0,0,0,0,20,97,101,87,78,74,50,31,776
1581,1588,1725,1401,927,135,11,0,0,0,0,0,0,0,0,0,0,0,0,0,781
828,936,1086,1104,499,37,3,3,0,0,0,0,0,0,0,0,0,0,0,0,782
1383,2732,3388,4008,1756,295,23,9,0,0,0,0,0,0,0,0,0,0,0,0,783
0,0,16,213,56,61,1,0,0,0,0,0,0,0,0,0,0,0,0,0,785
314,5,2,0,0,0,0,0,0,0,0,0,0,0,0,0,0,0,0,0,786
0,0,170,586,164,38,2,0,0,0,0,0,0,0,0,0,0,0,0,0,787
1186,1370,1865,4317,6882,10250,11704,9081,4890,4174,2798,200,8,2,0,0,0,0,0,0,811
575,838,921,1493,1755,1896,1706,1375,814,748,414,21,1,0,0,1,0,0,0,0,813
0,0,0,0,0,1,1,0,0,0,0,0,0,0,0,0,0,0,0,0,821
170,401,779,1193,892,891,929,833,557,491,1400,1562,1673,1994,2272,3795,5121,2294,2475,768,791
0,0,0,754,1691,2830,4206,3204,2419,1899,1701,2030,1691,848,520,0,0,0,0,0,792
0,0,0,0,0,0,0,0,0,0,0,0,0,0,0,0,575,11686,14841,10508,794
446,738,872,1028,72,0,0,0,0,0,0,0,0,0,0,0,0,0,0,0,795
0,0,0,0,0,0,0,0,0,0,0,0,0,0,0,1904,9446,8983,11040,7565,796
7,5,112,108,81,17,0,0,0,0,0,0,0,0,0,0,0,0,0,0,797
1,0,0,0,1,0,0,0,1045,1941,2256,1407,664,1,0,0,0,0,0,0,798
444,986,2627,3043,3859,6003,7593,8744,11705,13639,16353,15656,17881,20830,18993,18864,15531,12520,13255,8253,799
682,1286,2346,2891,3546,6399,8615,7724,7478,8516,9149,11756,14062,21450,19085,17031,18362,20765,18968,13516,7910
0,0,0,0,0,0,0,0,0,0,0,1787,3538,3153,2697,2193,1446,1244,1287,297,7911
0,0,0,0,0,0,0,0,0,0,0,0,0,0,0,0,0,0,4268,2777,7913
136,183,316,342,688,451,238,39,3,0,0,134,1538,1295,1019,740,793,1212,87,0,7912
0,0,0,0,0,0,0,0,0,0,1,3808,7125,9264,8116,7762,6091,5125,4546,278,801
3362,4664,6185,8191,10249,11698,12192,13647,15979,12811,13427,15134,19590,15232,18075,19681,17421,16476,14679,9326,802
4,2,0,0,0,0,0,0,0,0,0,0,0,0,0,0,0,0,0,0,8011
0,0,0,0,0,0,0,0,0,0,0,0,0,0,0,0,83,13625,14566,12213,803
0,0,0,0,0,0,0,0,0,0,0,0,0,0,0,0,6052,7547,8778,7310,804
1392,2240,3209,4032,5643,8272,9246,8097,8874,11950,13854,13744,12554,18624,20500,21156,18337,16501,19631,11363,805
0,0,0,0,0,0,0,0,0,0,0,190,3611,6004,3458,4422,4010,2154,501,0,806
0,0,0,0,0,583,3113,2517,1273,1451,1712,2518,2729,2781,1727,3,0,0,0,0,808
0,0,0,0,0,0,0,0,0,0,0,0,0,0,0,0,0,0,1420,3050,8012
0,112,272,403,529,433,416,567,1334,2278,3353,4559,4158,5149,5125,8818,9087,7577,6775,4779,809
0,0,0,0,0,0,0,0,587,3940,5398,6920,10478,12401,12673,13146,10875,49,0,0,8010
0,0,1484,2136,1275,1307,894,1,0,0,0,0,0,0,0,0,0,0,0,0,842
0,0,0,785,2015,1658,164,7,0,0,0,0,0,0,5412,5060,4613,3825,1926,703,841
0,2,2,731,898,1079,2381,5287,6391,5920,4085,4804,4540,3767,2138,5499,4574,3339,1878,598,842
0,0,408,1305,811,297,83,0,0,0,0,0,0,0,0,0,0,0,0,0,843
0,0,0,0,0,0,0,0,0,0,89,513,418,816,1227,1048,886,733,697,724,851
0,0,0,0,0,124,75,58,106,54,11,0,0,0,0,0,0,0,0,0,853
0,1,1,1,1,0,0,0,0,0,0,0,0,0,0,0,0,0,0,0,854
0,1,27,221,375,208,171,106,215,53,46,119,11,334,362,350,412,326,310,202,855
0,0,0,0,31,66,110,81,142,51,25,103,145,253,431,625,597,493,57,4,856
0,0,0,0,0,0,0,0,0,0,0,0,0,0,1021,2108,1360,1064,725,496,857
0,0,0,0,0,0,0,0,0,0,0,69,122,121,116,123,144,84,76,24,861
391,546,1114,1336,1498,1234,1053,691,642,969,933,468,846,1142,1111,1192,842,884,1008,206,862
1092,1253,1922,1852,2278,1852,1942,1092,785,819,126,20,10,115,170,149,78,159,108,11,863
9,0,0,0,0,0,59,309,280,55,1,0,0,0,0,0,0,0,0,0,864
275,255,424,747,941,878,548,501,524,509,483,249,178,4,3,0,1,0,0,1,865
0,0,0,0,0,0,0,0,0,0,0,0,0,0,163,187,106,14,74,64,866
0,0,45,341,485,606,506,359,435,591,594,314,289,248,783,757,458,645,571,240,867
0,0,0,0,0,0,0,0,0,81,141,136,73,341,282,335,304,105,5,0,8610
0,0,0,0,0,0,0,0,0,0,2,555,586,625,633,739,597,1093,918,318,8611
71,58,1026,2135,2414,1323,0,0,6177,4770,4742,4915,12326,13273,1848,0,0,0,0,0,871
44,7,0,0,0,0,0,0,0,0,0,0,0,0,0,1929,2180,1417,1046,0,872
0,0,0,0,0,0,0,0,0,0,0,0,0,34,7356,7963,6345,4069,2129,0,873
0,0,0,0,0,0,0,0,0,0,5,255,23,0,0,0,0,0,0,0,874
798,1117,1609,2093,1983,1442,1583,23,0,0,0,0,0,0,0,253,5765,5654,3579,3924,875
1208,1732,2178,2485,2008,1832,1804,1248,845,663,744,904,871,863,968,1036,934,477,1169,862,876
0,0,0,0,0,0,0,0,0,0,11,184,88,30,0,0,0,0,0,0,877
58,283,363,658,668,405,433,26,0,0,0,0,0,0,0,0,0,0,0,0,878
0,0,0,0,0,0,0,2114,2835,1563,1607,3913,3589,3208,61,0,0,0,0,0,879
222,498,176,1,2369,6455,10442,9898,8586,6900,6732,9491,9017,10318,12592,10623,7932,10021,10931,7975,8710
0,0,0,0,0,1554,3398,3210,2569,2313,2455,2134,3492,6699,3935,3487,3045,2740,2027,877,8711
1141,1982,2719,3725,3816,3327,3774,3013,2463,2064,1604,939,1174,525,5699,11040,10936,11938,12497,5141,8713
1435,2090,2537,2395,1914,873,721,7,0,0,0,0,0,0,0,0,0,0,0,0,8714
4,0,2,2,5,0,1,0,0,0,0,0,0,0,0,0,0,0,0,0,891
0,0,0,0,0,0,0,0,0,0,0,0,0,0,0,0,0,1,10317,22120,903
0,0,0,0,0,0,0,0,0,0,0,0,0,606,1266,2195,2362,1762,1186,889,901
0,0,0,0,0,0,0,0,0,0,0,0,0,0,0,40,1939,1375,1209,1502,902
0,1,2,1,2,0,1,1,0,0,3,0,0,2,3,7,59,2,2,0,921
0,0,0,0,0,74,14886,14782,12871,10307,9808,8704,14231,16941,16921,14999,12936,12484,1121,0,923
1733,2253,4600,6522,7921,9394,9765,8464,9827,10296,6077,6335,4000,3802,3999,4088,2795,1378,1,0,924
0,0,0,0,2004,10500,11327,12731,13448,12325,13026,14868,15142,19227,23005,22027,20584,21371,21768,16537,926
36,139,50,36,0,0,1,0,3,1,2,0,2,1,1,1,0,0,385,398,929
1428,1645,2013,2163,1741,1066,0,0,1,0,0,0,0,0,0,0,0,0,0,0,9210
0,0,0,0,0,0,0,0,0,0,0,0,0,0,0,482,13014,18052,17346,16351,928
3885,7375,10325,13335,18980,19400,7416,4988,1684,20,7,7,6,22,10,9,56,4,14079,17817,9211
21,57,51,57,43,111,80,91,76,48,48,59,53,34,13,1,1,0,0,0,9214
4,0,0,0,1,0,0,0,0,0,0,0,0,0,0,0,0,0,0,0,9216
0,0,0,0,0,0,0,0,0,0,0,1217,1578,946,717,644,615,449,316,250,9217
68,22,6,11,6,8,20,72,16,5,14,2,1,0,0,0,1,0,0,0,9218
3,3,1,2,6,1,1,2,4,1,0,1,0,0,0,0,0,0,1,0,9219
0,0,0,0,0,0,0,12,6466,3835,2546,2367,1326,837,10,0,0,0,0,0,9220
1247,1245,1592,2152,2240,1668,1354,744,468,714,550,454,440,775,815,665,504,648,620,341,9221
842,1015,1165,1061,743,654,0,0,0,0,0,0,0,0,1,0,0,0,0,0,9225
40,1,0,1,1,0,0,0,0,0,0,0,0,0,0,0,0,0,0,0,9227
738,696,1013,1033,946,698,3,1,1,0,0,0,0,1,0,0,27,0,0,0,9229
164,92,196,1112,2861,3994,7162,7181,6805,9281,6383,6138,5829,6924,5088,5731,4949,4648,3059,1650,9230
0,0,0,1,0,1,0,0,1,0,22,839,1113,840,1115,1135,867,937,3573,2723,9231
0,0,0,0,0,0,0,0,0,0,0,0,0,0,0,0,0,1,516,431,9232
3095,5353,7229,8709,9289,8079,8206,6438,3949,4541,4230,3712,6522,6756,6200,7930,7696,7278,9458,12450,9234
1,0,1,0,0,0,0,0,0,0,0,0,0,0,0,0,0,0,0,0,9235
0,0,0,0,0,0,0,0,0,0,0,0,0,0,0,1,38,0,0,0,9236
7,7,0,1,0,0,0,0,0,0,0,0,0,0,0,0,5,0,102,259,9237
0,0,0,0,0,0,0,0,1310,1275,1078,618,2,0,0,0,0,0,0,0,9239
0,0,0,0,0,1,0,0,0,730,4063,3131,3373,3153,3280,3512,2141,827,0,0,9240
12369,15589,19227,21479,24004,22153,24872,25444,26669,19710,16479,27768,29127,29225,31025,28590,25666,27188,27557,20813,9244
34,12,3,1,0,0,0,0,0,0,0,0,0,0,0,0,0,0,0,0,881
0,0,0,0,60,19,1,0,0,0,0,0,0,0,0,0,0,0,0,0,882
0,1,70,57,35,8,1,2,0,0,0,0,0,0,0,0,0,0,0,0,883
156,99,93,40,72,43,8,6,2,1,1,1,0,0,0,0,0,0,0,0,884
0,0,0,0,0,0,0,0,0,0,0,47,7623,13213,10590,9170,7160,5240,4716,0,941
1347,1373,2336,2123,2004,1880,1514,3669,6450,4317,4674,4341,3761,3703,225,3,0,0,0,0,942
0,0,0,0,0,0,0,0,0,0,0,412,223,483,91,2,0,0,0,0,943
0,0,0,0,0,1,732,1067,1102,340,1056,6671,7377,2776,2139,842,11,0,0,0,944
7679,12820,15954,20319,36609,47892,65907,59771,51501,64991,53252,55697,61849,55257,49244,57009,45275,28741,20595,6020,945
0,0,0,0,0,0,0,0,0,0,0,0,780,708,561,499,208,49,0,0,947
0,0,0,3,100,154,422,121,120,240,175,116,0,0,0,0,17,359,3412,3196,948
9124,13771,19848,23338,28477,34960,57993,69691,66071,65057,67713,79535,76413,75586,86840,73362,50049,50042,50763,45080,949
0,0,0,0,0,0,0,0,0,0,0,0,0,0,0,0,2425,12519,15112,18139,9410
136,232,425,171,11,0,0,0,0,0,0,0,0,0,0,0,0,0,0,0,9411
0,0,0,0,0,0,0,0,0,0,0,0,0,0,0,0,49,15903,21625,18195,9412
1,0,0,0,0,0,0,242,19901,24496,34315,26411,24382,27838,30531,23111,15459,12737,7408,1325,9413
0,0,1311,5564,6631,8718,9068,9161,8046,13227,17771,9952,8296,7861,8328,6500,4340,26,0,0,9414
0,0,0,0,0,0,0,0,0,0,0,838,13084,32204,43356,40031,34620,30468,21463,0,9415
0,0,0,90,133,126,45,0,0,0,0,0,0,0,0,0,0,0,0,0,9417
0,1,1,3,2,0,14,4,0,0,1,22,29,57,54,47,66,68,48,58,9418
476,632,667,35,0,1,0,1,0,0,0,0,0,0,0,0,0,0,0,0,9419
0,0,202,572,700,1177,689,51,0,0,1,3,0,0,0,0,0,0,0,0,9420
3,1,0,513,2012,2737,2395,1818,2178,12,5,0,0,0,0,0,0,0,0,0,9421
1445,1653,2504,4417,6928,12589,19777,20567,3255,1,0,0,0,0,0,1,0,0,0,0,9422
0,0,1,0,0,1,0,1,1,0,0,0,0,0,5223,13720,9510,5377,4091,0,9423
0,2,6,2,4,47,82,87,116,62,313,581,840,741,1037,1452,1055,790,387,216,9424
1,28,89,86,36,35,2,0,0,0,0,0,0,0,0,0,0,0,0,0,9425
0,0,0,0,0,0,110,92,170,1,0,3,1,12,11,8,7,8,0,0,9426
2139,4494,7288,12360,14114,20638,26048,27378,15461,24214,17073,19185,30676,28877,14830,11645,10416,4721,6,0,9427
0,0,0,0,0,0,0,0,0,0,0,0,0,0,0,0,534,2181,2510,1521,952
2444,2817,4600,5644,4725,4050,3495,2721,1945,2219,686,2262,4482,3699,3285,2273,1483,905,0,0,953
1145,2012,2290,2358,2703,393,1,0,1,7,2,0,0,0,0,0,0,0,0,0,954
0,3,1,3,8,38,65,410,692,934,1205,1244,1279,1281,2074,2130,2780,2525,1162,266,955
0,0,0,0,0,0,0,0,0,0,0,14,49,40,55,0,0,3,1440,1532,957
0,0,0,0,0,0,0,0,0,0,1,0,0,0,0,0,1,0,1201,188,959
52,34,83,489,648,566,575,535,388,596,682,820,675,575,565,41,91,60,736,615,9511
0,0,0,0,0,0,0,0,0,0,1,3181,3733,3893,2959,1968,256,1,0,0,9512
0,0,1,0,0,1764,4131,3334,1539,2176,1395,378,455,332,523,37,0,0,0,0,9513
0,0,0,0,0,1837,2691,2161,2456,3978,2413,96,0,0,0,0,0,0,0,0,9514
15737,26767,30106,28821,39567,48023,58383,54196,52868,52675,56671,56308,59564,68748,70714,66862,70652,63029,57451,41724,9515
0,0,0,0,0,0,0,0,0,0,0,0,0,0,0,183,1732,1119,507,0,9533
0,2,6,11,75,3904,4715,2926,1915,1069,1525,1943,1693,1506,1724,1143,395,31,9,4,9518
0,0,0,0,0,0,0,0,0,0,0,0,0,0,0,1219,4,0,0,0,9533
1657,2245,1464,1440,545,3,1,0,0,1,0,0,0,0,0,0,0,0,0,0,9519
2729,4711,7221,8467,10568,14125,18066,16908,17179,15668,21439,16984,14231,16758,17089,16057,14577,11706,7269,5940,9520
0,0,26,62,84,130,144,132,141,98,162,99,90,27,7,0,0,0,0,0,9521
8287,12835,20201,22975,24740,27773,29503,30123,26297,40550,41599,38569,39453,45125,52347,51815,44732,43389,36314,26210,9522
0,0,5,33,1,0,1,1110,6070,7028,6544,4668,4538,3862,5571,5244,4403,601,0,0,9523
284,585,893,1244,1775,1606,1564,1072,760,885,1989,1851,2153,2802,3023,2819,2886,2763,4416,1430,9524
0,0,0,0,0,0,0,0,0,0,0,0,0,0,0,0,0,0,6758,7521,9537
0,0,0,0,0,0,1,5388,7250,7435,7370,9620,12827,16098,20860,19237,26625,30636,37182,24794,9526
0,1,324,1158,1955,2458,2644,1841,1297,825,1872,2025,2515,3327,4351,4083,3288,1614,3301,2224,9528
0,0,833,4816,6688,7605,8471,6800,6637,5685,6219,5745,5244,4874,3829,3528,3947,3549,2629,2138,9529
20,21,22,53,63,95,1292,1081,485,873,700,684,924,1089,1128,1226,1253,1642,2219,1020,9530
0,0,0,0,0,0,0,0,0,0,0,0,0,0,0,0,16,15803,21258,16839,9525
0,0,0,0,0,0,0,0,0,0,1,13854,20066,21475,16280,10441,8701,10060,6939,3302,9533
0,0,0,0,0,0,0,0,0,0,0,0,0,0,0,850,2198,1133,820,203,9533
0,0,0,0,0,2107,3738,3204,2998,4525,165,5,0,0,0,0,0,0,0,0,9514
0,0,0,0,0,0,0,0,0,0,0,0,0,0,12,0,0,0,0,0,9535
1,0,0,0,0,165,2948,3982,6321,5777,2632,1627,258,0,0,0,0,0,0,0,961
0,0,0,0,0,0,0,2,0,24,794,1383,748,0,0,0,0,0,0,0,961
335,408,647,682,551,1315,1395,1284,990,763,485,280,230,2,0,0,0,0,0,0,962
747,1015,1466,2360,2995,3007,2979,4364,3260,2599,1736,1424,39,1,0,0,0,0,0,0,963
595,1386,1886,2054,2214,1547,896,468,61,775,2171,2008,1583,1600,1343,1190,1109,888,1098,1078,964
1,1,0,0,0,0,1,2,0,0,1,0,0,0,0,0,0,0,0,0,9619
482,694,800,766,757,555,1075,903,550,684,458,386,439,388,394,176,0,0,0,0,965
0,0,0,0,0,0,0,0,0,0,0,0,0,0,0,283,1368,2389,2050,1025,966
1150,1525,2079,1537,2,0,0,1,6,1,0,2499,11707,16427,15667,15226,13181,12787,8110,0,967
0,0,0,1657,3816,4310,4133,7165,5811,5602,4577,3230,6,0,0,0,0,1,0,0,969
1,0,0,0,0,0,0,0,0,252,2703,4765,3638,3757,3359,3795,3158,3798,4648,2928,9610
2854,3935,3899,4264,4489,3432,3269,3812,4070,3022,2161,1569,1709,1967,1983,747,15,1,0,0,9612
1,0,0,0,0,0,0,0,0,0,0,0,0,0,0,429,2859,3864,4296,2353,9614
0,0,0,0,0,0,0,0,0,0,0,0,0,0,0,0,8,6616,14894,24281,9620
0,0,0,0,0,0,0,308,3373,4548,4727,5046,5250,9102,12830,14808,14994,10840,11182,7694,9616
0,119,626,963,1524,1347,1423,1059,1067,1447,1863,1360,1549,1710,1586,1006,17,0,0,0,9617
0,0,1507,3901,4614,3547,3232,1879,3633,6392,4368,3003,2438,2319,2756,5254,5564,6475,7495,4969,9618
0,0,0,0,0,0,0,0,0,0,0,0,0,0,7,10,2,0,0,0,991
